currency,volExpiry,timestamp,data,indexPrice,underlyingPrice,volATM,vol10C,vol10P,vol25C,vol25P
BTC,21-Oct-22,1.66574E+12,2022/10/14 9:00,19616.14,19601.65,0.4845,0.5089,0.5895,0.4861,0.5119
BTC,21-Oct-22,1.66582E+12,2022/10/15 9:00,19069.08,19062.24,0.4379,0.4734,0.5171,0.4412,0.457
BTC,21-Oct-22,1.66591E+12,2022/10/16 9:00,19166.86,19155.7,0.4693,0.5152,0.5878,0.4722,0.5011
BTC,21-Oct-22,1.666E+12,2022/10/17 9:00,19260.84,19251.91,0.5056,0.5769,0.6249,0.5128,0.5427
BTC,21-Oct-22,1.66608E+12,2022/10/18 9:00,19531.24,19519.34,0.4541,0.5403,0.5556,0.4683,0.4738
BTC,21-Oct-22,1.66617E+12,2022/10/19 9:00,19194.27,19188.53,0.4027,0.4555,0.531,0.4109,0.4358
BTC,21-Oct-22,1.66626E+12,2022/10/20 9:00,19115.93,19106.56,0.4284,0.4341,0.545,0.4329,0.472
BTC,28-Oct-22,1.66634E+12,2022/10/21 9:00,18978,18966.91,0.3967,0.4304,0.5386,0.397,0.4393
BTC,28-Oct-22,1.66643E+12,2022/10/22 9:00,19158.67,19147.51,0.3911,0.4646,0.5046,0.4026,0.4241
BTC,28-Oct-22,1.66652E+12,2022/10/23 9:00,19182.09,19181.91,0.3812,0.4278,0.4952,0.3858,0.4113
BTC,28-Oct-22,1.6666E+12,2022/10/24 9:00,19342.41,19337.25,0.4125,0.4615,0.5105,0.4142,0.4412
BTC,28-Oct-22,1.66669E+12,2022/10/25 9:00,19297.49,19292.11,0.3833,0.4589,0.4678,0.3966,0.4071
BTC,28-Oct-22,1.66677E+12,2022/10/26 9:00,20683.95,20688.61,0.4921,0.685,0.5747,0.5471,0.5159
BTC,28-Oct-22,1.66686E+12,2022/10/27 9:00,20715.98,20717.6,0.5133,0.6002,0.6027,0.5344,0.537
BTC,4-Nov-22,1.66695E+12,2022/10/28 9:00,20187.12,20180.31,0.4608,0.516,0.5722,0.469,0.4892
BTC,4-Nov-22,1.66703E+12,2022/10/29 9:00,20929.49,20925.16,0.4679,0.5667,0.5178,0.4898,0.4819
BTC,4-Nov-22,1.66712E+12,2022/10/30 9:00,20789.13,20785.64,0.529,0.5966,0.5872,0.5446,0.5398
BTC,4-Nov-22,1.66721E+12,2022/10/31 9:00,20489.09,20487.61,0.5577,0.6248,0.6194,0.5704,0.5708
BTC,4-Nov-22,1.66729E+12,2022/11/1 9:00,20582.3,20580.07,0.5435,0.6358,0.6426,0.563,0.5575
BTC,4-Nov-22,1.66738E+12,2022/11/2 9:00,20500.6,20502.08,0.6627,0.7644,0.8055,0.6884,0.7133
BTC,4-Nov-22,1.66747E+12,2022/11/3 9:00,20292.91,20294.75,0.3015,0.3378,0.3998,0.305,0.3272
BTC,11-Nov-22,1.66755E+12,2022/11/4 9:00,20589.14,20593.42,0.4357,0.4574,0.5093,0.4379,0.4613
BTC,11-Nov-22,1.66764E+12,2022/11/5 9:00,21294.74,21306.08,0.4434,0.5086,0.5271,0.4592,0.4623
BTC,11-Nov-22,1.66773E+12,2022/11/6 9:00,21256.1,21253.85,0.4346,0.4735,0.5256,0.4379,0.4554
BTC,11-Nov-22,1.66781E+12,2022/11/7 9:00,20720.35,20724.73,0.557,0.6124,0.6777,0.5565,0.5931
BTC,11-Nov-22,1.6679E+12,2022/11/8 9:00,19735.89,19736.16,0.5818,0.583,0.7602,0.5604,0.6279
BTC,11-Nov-22,1.66798E+12,2022/11/9 9:00,18133.84,18135.11,1.098,0.9608,1.6756,0.9827,1.317
BTC,11-Nov-22,1.66807E+12,2022/11/10 9:00,16783.85,16754.62,1.2448,1.2174,1.9465,1.1761,1.4447
BTC,18-Nov-22,1.66816E+12,2022/11/11 9:00,17359.06,17259.46,0.776,0.6625,1.2382,0.69,0.9664
BTC,18-Nov-22,1.66824E+12,2022/11/12 9:00,16794.06,16639.17,0.8625,0.7384,1.521,0.7605,1.121
BTC,18-Nov-22,1.66833E+12,2022/11/13 9:00,16618.72,16512.53,0.7958,0.7106,1.3905,0.6941,1.0208
BTC,18-Nov-22,1.66842E+12,2022/11/14 9:00,16749.82,16648.95,0.8016,0.7811,1.233,0.738,0.9632
BTC,18-Nov-22,1.6685E+12,2022/11/15 9:00,16906.91,16851.06,0.6966,0.7227,0.96,0.6757,0.7884
BTC,18-Nov-22,1.66859E+12,2022/11/16 9:00,16771.09,16740.32,0.6889,0.6523,1.0191,0.6378,0.8087
BTC,18-Nov-22,1.66868E+12,2022/11/17 9:00,16557.73,16536.41,0.6298,0.6336,0.8732,0.5888,0.7135
BTC,25-Nov-22,1.66876E+12,2022/11/18 9:00,16723.76,16694.85,0.6165,0.6,0.9319,0.5754,0.7281
BTC,25-Nov-22,1.66885E+12,2022/11/19 9:00,16623.48,16595.91,0.5955,0.5351,0.9029,0.539,0.7157
BTC,25-Nov-22,1.66893E+12,2022/11/20 9:00,16596.16,16541.42,0.5867,0.5662,0.918,0.5407,0.7108
BTC,25-Nov-22,1.66902E+12,2022/11/21 9:00,16012.78,15963.61,0.7769,0.6703,1.2791,0.6869,0.9669
BTC,25-Nov-22,1.66911E+12,2022/11/22 9:00,15709.49,15658.05,0.7585,0.6853,1.2304,0.6789,0.9461
BTC,25-Nov-22,1.66919E+12,2022/11/23 9:00,16522.26,16503.62,0.6178,0.5809,0.91,0.5725,0.7173
BTC,25-Nov-22,1.66928E+12,2022/11/24 9:00,16577.14,16565.83,0.577,0.5431,0.7594,0.5506,0.6452
BTC,2-Dec-22,1.66937E+12,2022/11/25 9:00,16440.15,16404.37,0.5275,0.5251,0.7328,0.51,0.5966
BTC,2-Dec-22,1.66945E+12,2022/11/26 9:00,16567.26,16532.11,0.4842,0.5024,0.5991,0.4787,0.5296
BTC,2-Dec-22,1.66954E+12,2022/11/27 9:00,16526.38,16502.8,0.4844,0.5335,0.5977,0.4907,0.5237
BTC,2-Dec-22,1.66963E+12,2022/11/28 9:00,16226.81,16207.08,0.5079,0.5169,0.6947,0.4948,0.5682
BTC,2-Dec-22,1.66971E+12,2022/11/29 9:00,16491.65,16486.26,0.5472,0.595,0.6972,0.5503,0.5857
BTC,2-Dec-22,1.6698E+12,2022/11/30 9:00,16887.03,16879.94,0.5317,0.6174,0.6627,0.5486,0.5651
BTC,2-Dec-22,1.66989E+12,2022/12/1 9:00,17111.25,17113.6,0.4371,0.5676,0.54,0.4683,0.46
BTC,9-Dec-22,1.66997E+12,2022/12/2 9:00,16966.78,16952.52,0.4345,0.4581,0.5557,0.4271,0.4762
BTC,9-Dec-22,1.67006E+12,2022/12/3 9:00,16946.65,16938.14,0.4213,0.4859,0.5178,0.4301,0.4489
BTC,9-Dec-22,1.67014E+12,2022/12/4 9:00,17019.78,17007.92,0.4405,0.492,0.557,0.4431,0.4718
BTC,9-Dec-22,1.67023E+12,2022/12/5 9:00,17363.23,17369.16,0.4553,0.532,0.5618,0.4645,0.4806
BTC,9-Dec-22,1.67032E+12,2022/12/6 9:00,17035.97,17038.58,0.3993,0.4515,0.5006,0.4003,0.4294
BTC,9-Dec-22,1.6704E+12,2022/12/7 9:00,16794.34,16786.97,0.4785,0.4928,0.6348,0.4656,0.5325
BTC,9-Dec-22,1.67049E+12,2022/12/8 9:00,16835.26,16820.27,0.3681,0.4838,0.474,0.3958,0.3929
BTC,16-Dec-22,1.67058E+12,2022/12/9 9:00,17204.85,17175.38,0.4435,0.4499,0.5929,0.4305,0.4923
BTC,16-Dec-22,1.67066E+12,2022/12/10 9:00,17144.67,17120.35,0.444,0.4605,0.5927,0.4381,0.4838
BTC,16-Dec-22,1.67075E+12,2022/12/11 9:00,17177.33,17154.72,0.4924,0.5112,0.6211,0.488,0.5271
BTC,16-Dec-22,1.67084E+12,2022/12/12 9:00,16935.34,16928.19,0.5676,0.6089,0.7323,0.5681,0.6181
BTC,16-Dec-22,1.67092E+12,2022/12/13 9:00,17166.09,17134.98,0.6667,0.6913,0.8648,0.6616,0.7203
BTC,16-Dec-22,1.67101E+12,2022/12/14 9:00,17835.63,17831.23,0.5672,0.6138,0.7606,0.5698,0.626
BTC,16-Dec-22,1.67109E+12,2022/12/15 9:00,17630.22,17622.16,0.3211,0.3674,0.3743,0.3397,0.3435
BTC,23-Dec-22,1.67118E+12,2022/12/16 9:00,17224.99,17218.99,0.3658,0.3693,0.5009,0.3553,0.4081
BTC,23-Dec-22,1.67127E+12,2022/12/17 9:00,16727,16718.67,0.463,0.4432,0.7771,0.4303,0.5561
BTC,23-Dec-22,1.67135E+12,2022/12/18 9:00,16757.07,16731.98,0.4968,0.4735,0.7962,0.4656,0.5907
BTC,23-Dec-22,1.67144E+12,2022/12/19 9:00,16758.03,16750.88,0.4644,0.5061,0.7067,0.4529,0.5432
BTC,23-Dec-22,1.67153E+12,2022/12/20 9:00,16825.51,16819.11,0.3892,0.431,0.6073,0.3867,0.4528
BTC,23-Dec-22,1.67161E+12,2022/12/21 9:00,16867.14,16866.23,0.3429,0.3728,0.4876,0.3496,0.3689
BTC,23-Dec-22,1.6717E+12,2022/12/22 9:00,16838.67,16838.4,0.2796,0.2673,0.4149,0.2676,0.3188
BTC,30-Dec-22,1.67179E+12,2022/12/23 9:00,16835.27,16811.34,0.3184,0.3721,0.4972,0.324,0.3627
BTC,30-Dec-22,1.67187E+12,2022/12/24 9:00,16830.89,16810.85,0.2896,0.3465,0.3987,0.3005,0.3079
BTC,30-Dec-22,1.67196E+12,2022/12/25 9:00,16831.38,16810.85,0.3299,0.3845,0.4783,0.3356,0.3637
BTC,30-Dec-22,1.67205E+12,2022/12/26 9:00,16839.48,16821.48,0.3316,0.4192,0.5217,0.3448,0.3745
BTC,30-Dec-22,1.67213E+12,2022/12/27 9:00,16850.94,16839.23,0.3267,0.4291,0.4315,0.3487,0.3367
BTC,30-Dec-22,1.67222E+12,2022/12/28 9:00,16637.3,16636.76,0.3493,0.389,0.5029,0.3389,0.3981
BTC,30-Dec-22,1.6723E+12,2022/12/29 9:00,16521.74,16518.45,0.3279,0.3855,0.4857,0.3639,0.42
BTC,6-Jan-23,1.67239E+12,2022/12/30 9:00,16492.8,16483.6,0.2557,0.2976,0.3498,0.2616,0.283
BTC,6-Jan-23,1.67248E+12,2022/12/31 9:00,16545.93,16545.61,0.2715,0.3375,0.379,0.2814,0.3057
BTC,6-Jan-23,1.67256E+12,2023/1/1 9:00,16503.64,16501.76,0.261,0.3438,0.3998,0.2806,0.3031
BTC,6-Jan-23,1.67265E+12,2023/1/2 9:00,16730.55,16730.89,0.2952,0.3291,0.3868,0.3009,0.32
BTC,6-Jan-23,1.67274E+12,2023/1/3 9:00,16712.74,16714.91,0.3123,0.3666,0.3685,0.3219,0.3291
BTC,6-Jan-23,1.67282E+12,2023/1/4 9:00,16860.11,16869.62,0.3181,0.3757,0.3337,0.3406,0.3303
BTC,6-Jan-23,1.67291E+12,2023/1/5 9:00,16802.61,16803.93,0.261,0.2663,0.3172,0.2654,0.2915
BTC,13-Jan-23,1.673E+12,2023/1/6 9:00,16794.2,16794.48,0.2799,0.3123,0.377,0.2841,0.3079
BTC,13-Jan-23,1.67308E+12,2023/1/7 9:00,16930.51,16931.96,0.2761,0.3246,0.3155,0.2913,0.2797
BTC,13-Jan-23,1.67317E+12,2023/1/8 9:00,16946.46,16952.03,0.2909,0.321,0.3466,0.2993,0.3025
BTC,13-Jan-23,1.67325E+12,2023/1/9 9:00,17194.87,17196.89,0.3436,0.4376,0.4191,0.3614,0.3638
BTC,13-Jan-23,1.67334E+12,2023/1/10 9:00,17256,17257.97,0.3688,0.4567,0.4599,0.3816,0.3911
BTC,13-Jan-23,1.67343E+12,2023/1/11 9:00,17450.48,17452.98,0.471,0.487,0.5204,0.4839,0.4819
BTC,13-Jan-23,1.67351E+12,2023/1/12 9:00,18148.35,18145.83,0.5557,0.6391,0.6619,0.5737,0.5878
BTC,20-Jan-23,1.6736E+12,2023/1/13 9:00,18844.77,18864.11,0.3655,0.4394,0.4293,0.3782,0.3814
BTC,20-Jan-23,1.67369E+12,2023/1/14 9:00,21004.69,21054.5,0.5804,0.7883,0.6738,0.6353,0.6009
BTC,20-Jan-23,1.67377E+12,2023/1/15 9:00,20623.79,20652.92,0.6462,0.8235,0.7074,0.7037,0.6498
BTC,20-Jan-23,1.67386E+12,2023/1/16 9:00,20756.37,20779.54,0.6736,0.8289,0.7163,0.7294,0.6717
BTC,20-Jan-23,1.67395E+12,2023/1/17 9:00,21200.59,21210.21,0.5821,0.697,0.6444,0.6251,0.5884
BTC,20-Jan-23,1.67403E+12,2023/1/18 9:00,21248.05,21243.62,0.5283,0.6507,0.5827,0.5607,0.5368
BTC,20-Jan-23,1.67412E+12,2023/1/19 9:00,20768.69,20762.04,0.4645,0.5194,0.5693,0.461,0.5001
BTC,27-Jan-23,1.67421E+12,2023/1/20 9:00,20950.03,20965.7,0.424,0.5317,0.4842,0.4475,0.4339
BTC,27-Jan-23,1.67429E+12,2023/1/21 9:00,22711.32,22780.91,0.5649,0.8003,0.5751,0.6568,0.5404
BTC,27-Jan-23,1.67438E+12,2023/1/22 9:00,22913.77,22937.63,0.5533,0.6677,0.587,0.5962,0.5533
BTC,27-Jan-23,1.67446E+12,2023/1/23 9:00,22721.3,22732.86,0.5173,0.6494,0.6177,0.5478,0.5355
BTC,27-Jan-23,1.67455E+12,2023/1/24 9:00,23060.56,23079.69,0.617,0.8098,0.6887,0.701,0.6148
BTC,27-Jan-23,1.67464E+12,2023/1/25 9:00,22666.47,22674.29,0.4858,0.5706,0.6046,0.5108,0.5109
BTC,27-Jan-23,1.67472E+12,2023/1/26 9:00,23003.32,22998.83,0.4639,0.6513,0.5841,0.5196,0.5038
BTC,3-Feb-23,1.67481E+12,2023/1/27 9:00,22968.94,22995.53,0.5338,0.6699,0.6042,0.5769,0.5428
BTC,3-Feb-23,1.6749E+12,2023/1/28 9:00,22986.17,23013.11,0.4834,0.6243,0.5375,0.5351,0.4821
BTC,3-Feb-23,1.67498E+12,2023/1/29 9:00,23177.57,23202.2,0.4918,0.6397,0.5506,0.5405,0.4896
BTC,3-Feb-23,1.67507E+12,2023/1/30 9:00,23550.63,23566.71,0.632,0.7139,0.7455,0.6605,0.6552
BTC,3-Feb-23,1.67516E+12,2023/1/31 9:00,22909.84,22911.16,0.5575,0.643,0.6525,0.5785,0.5823
BTC,3-Feb-23,1.67524E+12,2023/2/1 9:00,22982.66,22999.35,0.6446,0.7904,0.787,0.6797,0.6832
BTC,3-Feb-23,1.67533E+12,2023/2/2 9:00,23805.9,23832.47,0.4803,0.62,0.5373,0.5325,0.4844
BTC,10-Feb-23,1.67541E+12,2023/2/3 9:00,23421.95,23460.62,0.5068,0.6059,0.6003,0.5413,0.526
BTC,10-Feb-23,1.6755E+12,2023/2/4 9:00,23302.99,23327.42,0.4626,0.5067,0.507,0.4819,0.4863
BTC,10-Feb-23,1.67559E+12,2023/2/5 9:00,23400.11,23430,0.4677,0.5143,0.5439,0.4851,0.4975
BTC,10-Feb-23,1.67567E+12,2023/2/6 9:00,22867.22,22880.12,0.4472,0.5057,0.527,0.4572,0.4662
BTC,10-Feb-23,1.67576E+12,2023/2/7 9:00,22874.62,22883.55,0.4182,0.4781,0.5213,0.4212,0.4603
BTC,10-Feb-23,1.67585E+12,2023/2/8 9:00,23206.55,23214.96,0.4452,0.5481,0.5447,0.4757,0.4647
BTC,10-Feb-23,1.67593E+12,2023/2/9 9:00,22722.67,22729.97,0.3577,0.4177,0.443,0.3643,0.3919
BTC,17-Feb-23,1.67602E+12,2023/2/10 9:00,21897.41,21916.81,0.4408,0.4881,0.5242,0.4387,0.463
BTC,17-Feb-23,1.67611E+12,2023/2/11 9:00,21692.54,21702.85,0.4061,0.4514,0.5014,0.4023,0.4337
BTC,17-Feb-23,1.67619E+12,2023/2/12 9:00,21810.84,21817.38,0.3958,0.4597,0.502,0.3993,0.4255
BTC,17-Feb-23,1.67628E+12,2023/2/13 9:00,21734.01,21731.47,0.4585,0.5341,0.5355,0.4672,0.4814
BTC,17-Feb-23,1.67637E+12,2023/2/14 9:00,21711.15,21711.85,0.52,0.5906,0.6868,0.5277,0.5666
BTC,17-Feb-23,1.67645E+12,2023/2/15 9:00,22106.37,22097.79,0.3864,0.4596,0.4434,0.4003,0.4067
BTC,17-Feb-23,1.67654E+12,2023/2/16 9:00,24578.94,24604.48,0.5217,0.6579,0.6334,0.543,0.5481
BTC,24-Feb-23,1.67662E+12,2023/2/17 9:00,23795.09,23834.99,0.5045,0.5809,0.6135,0.5214,0.5317
BTC,24-Feb-23,1.67671E+12,2023/2/18 9:00,24593.28,24662.7,0.5668,0.6916,0.6268,0.6181,0.5711
BTC,24-Feb-23,1.6768E+12,2023/2/19 9:00,24574.54,24620.14,0.5359,0.6529,0.6121,0.5879,0.5498
BTC,24-Feb-23,1.67688E+12,2023/2/20 9:00,24461.41,24495.92,0.5732,0.7286,0.6317,0.6309,0.5747
BTC,24-Feb-23,1.67697E+12,2023/2/21 9:00,24690.7,24713.05,0.593,0.6715,0.6963,0.6079,0.6185
BTC,24-Feb-23,1.67706E+12,2023/2/22 9:00,23967.78,23988.2,0.5422,0.6414,0.6627,0.569,0.5813
BTC,24-Feb-23,1.67714E+12,2023/2/23 9:00,24408.85,24416.23,0.4746,0.6114,0.5298,0.5224,0.4821
BTC,3-Mar-23,1.67723E+12,2023/2/24 9:00,23903.81,23927.55,0.4539,0.5187,0.5286,0.4745,0.4761
BTC,3-Mar-23,1.67732E+12,2023/2/25 9:00,23104.14,23120.47,0.3879,0.4592,0.4211,0.4057,0.3951
BTC,3-Mar-23,1.6774E+12,2023/2/26 9:00,23157.62,23180.26,0.4368,0.4902,0.4793,0.4501,0.449
BTC,3-Mar-23,1.67749E+12,2023/2/27 9:00,23360.73,23375.46,0.4333,0.5111,0.5078,0.4556,0.4525
BTC,3-Mar-23,1.67757E+12,2023/2/28 9:00,23266.72,23277.98,0.4218,0.4871,0.4852,0.4335,0.445
BTC,3-Mar-23,1.67766E+12,2023/3/1 9:00,23871.35,23890.47,0.4615,0.5593,0.5481,0.4895,0.488
BTC,3-Mar-23,1.67775E+12,2023/3/2 9:00,23446.86,23450.83,0.4156,0.4818,0.4826,0.4337,0.4392
BTC,10-Mar-23,1.67783E+12,2023/3/3 9:00,22434.04,22439.96,0.4482,0.506,0.5505,0.4587,0.4757
BTC,10-Mar-23,1.67792E+12,2023/3/4 9:00,22345.06,22355.09,0.3851,0.4568,0.503,0.3992,0.4113
BTC,10-Mar-23,1.67801E+12,2023/3/5 9:00,22345.93,22352,0.4237,0.4821,0.5377,0.4311,0.459
BTC,10-Mar-23,1.67809E+12,2023/3/6 9:00,22414.95,22411.37,0.4409,0.4701,0.5368,0.4455,0.4675
BTC,10-Mar-23,1.67818E+12,2023/3/7 9:00,22420.9,22419.43,0.4109,0.4884,0.4932,0.4216,0.4406
BTC,10-Mar-23,1.67827E+12,2023/3/8 9:00,21991.48,21996.61,0.4211,0.4306,0.5704,0.4011,0.4947
BTC,10-Mar-23,1.67835E+12,2023/3/9 9:00,21677.47,21679.2,0.3941,0.382,0.4838,0.3778,0.4337
BTC,17-Mar-23,1.67844E+12,2023/3/10 9:00,19956.83,19953.24,0.5331,0.5287,0.7684,0.5082,0.6093
BTC,17-Mar-23,1.67853E+12,2023/3/11 9:00,20167.43,20143.97,0.6166,0.6049,0.9591,0.5774,0.7252
BTC,17-Mar-23,1.67861E+12,2023/3/12 9:00,20559.72,20481.96,0.5528,0.565,0.8536,0.526,0.641
BTC,17-Mar-23,1.6787E+12,2023/3/13 9:00,22259.9,22245.27,0.6771,0.7734,0.8864,0.6999,0.7338
BTC,17-Mar-23,1.67878E+12,2023/3/14 9:00,24350.44,24333.32,0.6798,0.7986,0.8294,0.7117,0.7096
BTC,17-Mar-23,1.67887E+12,2023/3/15 9:00,24873.72,24891.74,0.6943,0.8129,0.837,0.7241,0.723
BTC,17-Mar-23,1.67896E+12,2023/3/16 9:00,24653.64,24626.72,0.6099,0.719,0.6548,0.6517,0.6322
BTC,24-Mar-23,1.67904E+12,2023/3/17 9:00,26065.49,26060.8,0.6821,0.8271,0.7569,0.7199,0.6903
BTC,24-Mar-23,1.67913E+12,2023/3/18 9:00,27273.95,27302.97,0.7026,0.8894,0.7738,0.7769,0.6936
BTC,24-Mar-23,1.67922E+12,2023/3/19 9:00,27057.82,27055.82,0.7034,0.8868,0.7723,0.7658,0.7015
BTC,24-Mar-23,1.6793E+12,2023/3/20 9:00,28414.85,28435.49,0.8714,1.0753,0.9371,0.9386,0.8664
BTC,24-Mar-23,1.67939E+12,2023/3/21 9:00,27738.74,27724.51,0.744,0.9103,0.8095,0.7981,0.7499
BTC,24-Mar-23,1.67948E+12,2023/3/22 9:00,28147.05,28142.88,0.8972,1.1333,0.9593,0.9796,0.8886
BTC,24-Mar-23,1.67956E+12,2023/3/23 9:00,27716.06,27715.47,0.5405,0.6922,0.6079,0.5592,0.5481
BTC,31-Mar-23,1.67965E+12,2023/3/24 9:00,28074.3,28096.91,0.6098,0.7172,0.6738,0.6446,0.6182
BTC,31-Mar-23,1.67973E+12,2023/3/25 9:00,27457.21,27471.92,0.5424,0.6516,0.6205,0.5654,0.5577
BTC,31-Mar-23,1.67982E+12,2023/3/26 9:00,27689.15,27703.38,0.6028,0.7053,0.6771,0.6256,0.6162
BTC,31-Mar-23,1.67991E+12,2023/3/27 9:00,27869.63,27868.27,0.5903,0.6849,0.7052,0.6132,0.6138
BTC,31-Mar-23,1.67999E+12,2023/3/28 9:00,27023.92,27027.62,0.568,0.6192,0.6953,0.5701,0.605
BTC,31-Mar-23,1.68008E+12,2023/3/29 9:00,28517.94,28537.97,0.6872,0.8132,0.7406,0.7349,0.6904
BTC,31-Mar-23,1.68017E+12,2023/3/30 9:00,28584.8,28590.68,0.6272,0.7604,0.6487,0.6837,0.6158
BTC,7-Apr-23,1.68025E+12,2023/3/31 9:00,27808.11,27850.47,0.5319,0.6412,0.6094,0.5622,0.5494
BTC,7-Apr-23,1.68034E+12,2023/4/1 9:00,28454.19,28504.91,0.5236,0.6802,0.5816,0.5777,0.5209
BTC,7-Apr-23,1.68043E+12,2023/4/2 9:00,28394,28427.46,0.5483,0.6904,0.6001,0.5931,0.5527
BTC,7-Apr-23,1.68051E+12,2023/4/3 9:00,28355.25,28377.98,0.5775,0.7002,0.643,0.6172,0.5868
BTC,7-Apr-23,1.6806E+12,2023/4/4 9:00,28108.23,28122.19,0.5309,0.6134,0.6164,0.5534,0.558
BTC,7-Apr-23,1.68069E+12,2023/4/5 9:00,28555.19,28578.51,0.5179,0.6249,0.5475,0.5468,0.5204
BTC,7-Apr-23,1.68077E+12,2023/4/6 9:00,27959.05,27964.35,0.4971,0.537,0.5942,0.5111,0.5365
BTC,14-Apr-23,1.68086E+12,2023/4/7 9:00,27829.27,27855.97,0.5012,0.5325,0.5509,0.5157,0.5166
BTC,14-Apr-23,1.68094E+12,2023/4/8 9:00,28049.58,28056.36,0.4602,0.5029,0.4951,0.4748,0.468
BTC,14-Apr-23,1.68103E+12,2023/4/9 9:00,27908.68,27900.06,0.5593,0.574,0.6131,0.5645,0.5816
BTC,14-Apr-23,1.68112E+12,2023/4/10 9:00,28312.42,28322.53,0.5522,0.6141,0.6085,0.5755,0.5662
BTC,14-Apr-23,1.6812E+12,2023/4/11 9:00,30120.66,30150.05,0.6633,0.7273,0.7065,0.6891,0.6589
BTC,14-Apr-23,1.68129E+12,2023/4/12 9:00,29941.92,29956.76,0.6387,0.7057,0.6957,0.6731,0.6414
BTC,14-Apr-23,1.68138E+12,2023/4/13 9:00,30232.07,30244.11,0.5409,0.6363,0.5866,0.5619,0.5555
BTC,21-Apr-23,1.68146E+12,2023/4/14 9:00,30755.02,30793.03,0.5052,0.5926,0.5358,0.5408,0.5027
BTC,21-Apr-23,1.68155E+12,2023/4/15 9:00,30418.97,30448.56,0.3999,0.4975,0.4688,0.4245,0.4125
BTC,21-Apr-23,1.68164E+12,2023/4/16 9:00,30360.84,30386.33,0.4269,0.5118,0.4758,0.4538,0.4297
BTC,21-Apr-23,1.68172E+12,2023/4/17 9:00,29925.35,29939.28,0.4774,0.5344,0.5267,0.4974,0.4883
BTC,21-Apr-23,1.68181E+12,2023/4/18 9:00,29724.3,29737.36,0.4441,0.5247,0.4898,0.4699,0.4429
BTC,21-Apr-23,1.68189E+12,2023/4/19 9:00,29174.71,29180.37,0.5368,0.5911,0.5982,0.5546,0.5543
BTC,21-Apr-23,1.68198E+12,2023/4/20 9:00,28833.93,28839,0.4479,0.5552,0.5371,0.4709,0.4744
BTC,28-Apr-23,1.68207E+12,2023/4/21 9:00,28075.55,28086.9,0.4387,0.4865,0.5671,0.4464,0.471
BTC,28-Apr-23,1.68215E+12,2023/4/22 9:00,27217.8,27224.98,0.419,0.5175,0.5166,0.4315,0.4422
BTC,28-Apr-23,1.68224E+12,2023/4/23 9:00,27717.49,27726.18,0.4565,0.5296,0.5684,0.4501,0.5001
BTC,28-Apr-23,1.68233E+12,2023/4/24 9:00,27177.78,27178.62,0.4622,0.4951,0.5795,0.4555,0.5104
BTC,28-Apr-23,1.68241E+12,2023/4/25 9:00,27426.8,27435,0.4203,0.4723,0.5902,0.42,0.451
BTC,28-Apr-23,1.6825E+12,2023/4/26 9:00,28740.81,28742.68,0.4477,0.5682,0.5217,0.4831,0.4641
BTC,28-Apr-23,1.68259E+12,2023/4/27 9:00,28963.48,28963.29,0.4828,0.6007,0.5583,0.5097,0.5072
BTC,5-May-23,1.68267E+12,2023/4/28 9:00,29262.35,29280.22,0.471,0.5523,0.5294,0.4944,0.4823
BTC,5-May-23,1.68276E+12,2023/4/29 9:00,29333.57,29330.25,0.4506,0.5159,0.5077,0.4664,0.4635
BTC,5-May-23,1.68285E+12,2023/4/30 9:00,29284.94,29282.58,0.4276,0.4808,0.4981,0.4405,0.4384
BTC,5-May-23,1.68293E+12,2023/5/1 9:00,28580.28,28603.2,0.4972,0.5591,0.5805,0.5009,0.5266
BTC,5-May-23,1.68302E+12,2023/5/2 9:00,28032.72,28054.82,0.5032,0.5626,0.5869,0.5121,0.5277
BTC,5-May-23,1.6831E+12,2023/5/3 9:00,28704.57,28711.85,0.548,0.5946,0.6592,0.5658,0.5734
BTC,5-May-23,1.68319E+12,2023/5/4 9:00,29101.81,29118.52,0.45,0.5554,0.4866,0.4934,0.4498
BTC,12-May-23,1.68328E+12,2023/5/5 9:00,29075.16,29090.27,0.4653,0.5317,0.5299,0.4916,0.4731
BTC,12-May-23,1.68336E+12,2023/5/6 9:00,29369.03,29397.05,0.4704,0.5452,0.5,0.5025,0.4717
BTC,12-May-23,1.68345E+12,2023/5/7 9:00,28898.44,28882.18,0.4512,0.504,0.5,0.4733,0.4636
BTC,12-May-23,1.68354E+12,2023/5/8 9:00,27752.72,27742.7,0.4877,0.5093,0.5702,0.4851,0.5152
BTC,12-May-23,1.68362E+12,2023/5/9 9:00,27585.8,27582.93,0.4769,0.521,0.5585,0.4703,0.5092
BTC,12-May-23,1.68371E+12,2023/5/10 9:00,27582.58,27591.11,0.539,0.6054,0.6426,0.542,0.5697
BTC,12-May-23,1.6838E+12,2023/5/11 9:00,27400.19,27395.85,0.437,0.4809,0.5296,0.4411,0.4708
BTC,19-May-23,1.68388E+12,2023/5/12 9:00,26296.47,26300.73,0.4645,0.5052,0.5642,0.4589,0.4919
BTC,19-May-23,1.68397E+12,2023/5/13 9:00,26812.95,26825.7,0.4096,0.4607,0.5004,0.4122,0.4397
BTC,19-May-23,1.68405E+12,2023/5/14 9:00,26859.32,26868.24,0.4171,0.4714,0.501,0.427,0.4414
BTC,19-May-23,1.68414E+12,2023/5/15 9:00,27449.13,27458.61,0.4709,0.5451,0.5418,0.4928,0.4903
BTC,19-May-23,1.68423E+12,2023/5/16 9:00,27204.22,27201.77,0.4627,0.5177,0.5231,0.4765,0.4767
BTC,19-May-23,1.68431E+12,2023/5/17 9:00,26819.49,26815.26,0.4019,0.5095,0.4764,0.4122,0.4297
BTC,19-May-23,1.6844E+12,2023/5/18 9:00,27390.86,27402.18,0.3732,0.4953,0.4768,0.4191,0.3825
BTC,26-May-23,1.68449E+12,2023/5/19 9:00,26893,26908.11,0.3834,0.4439,0.4644,0.3931,0.4047
BTC,26-May-23,1.68457E+12,2023/5/20 9:00,26917.2,26940.56,0.3464,0.433,0.4592,0.3621,0.3717
BTC,26-May-23,1.68466E+12,2023/5/21 9:00,27054.56,27075.12,0.3428,0.4269,0.466,0.3563,0.3685
BTC,26-May-23,1.68475E+12,2023/5/22 9:00,26831,26852.55,0.3772,0.4542,0.4916,0.4004,0.4043
BTC,26-May-23,1.68483E+12,2023/5/23 9:00,27334.58,27362.78,0.4238,0.5291,0.4857,0.454,0.4434
BTC,26-May-23,1.68492E+12,2023/5/24 9:00,26747.56,26749.38,0.3641,0.4254,0.4651,0.3715,0.4029
BTC,26-May-23,1.68501E+12,2023/5/25 9:00,26219.62,26220.1,0.3521,0.4511,0.4673,0.365,0.3983
BTC,2-Jun-23,1.68509E+12,2023/5/26 9:00,26473.94,26494.8,0.3673,0.3994,0.4721,0.3682,0.3972
BTC,2-Jun-23,1.68518E+12,2023/5/27 9:00,26698.45,26706.73,0.3536,0.3968,0.4621,0.3584,0.3827
BTC,2-Jun-23,1.68526E+12,2023/5/28 9:00,27208.66,27237.42,0.3615,0.4283,0.4397,0.3755,0.3816
BTC,2-Jun-23,1.68535E+12,2023/5/29 9:00,27903.7,27939.94,0.4256,0.5005,0.5339,0.4433,0.446
BTC,2-Jun-23,1.68544E+12,2023/5/30 9:00,27795.43,27823.39,0.4203,0.477,0.5071,0.4392,0.4452
BTC,2-Jun-23,1.68552E+12,2023/5/31 9:00,27138.05,27142.95,0.4343,0.4588,0.551,0.4268,0.4727
BTC,2-Jun-23,1.68561E+12,2023/6/1 9:00,26920.65,26921.31,0.3745,0.4131,0.4599,0.382,0.4048
BTC,9-Jun-23,1.6857E+12,2023/6/2 9:00,27175.24,27201.4,0.3106,0.3764,0.4099,0.3281,0.3312
BTC,9-Jun-23,1.68578E+12,2023/6/3 9:00,27153.11,27201.01,0.3244,0.436,0.3809,0.3566,0.3348
BTC,9-Jun-23,1.68587E+12,2023/6/4 9:00,27157.81,27187.72,0.3065,0.3859,0.3999,0.3292,0.3249
BTC,9-Jun-23,1.68596E+12,2023/6/5 9:00,26808.15,26850.26,0.3134,0.3902,0.3976,0.3322,0.3372
BTC,9-Jun-23,1.68604E+12,2023/6/6 9:00,25718.18,25721.47,0.422,0.5156,0.5883,0.4453,0.4641
BTC,9-Jun-23,1.68613E+12,2023/6/7 9:00,26825.06,26861.35,0.4324,0.5612,0.5045,0.4666,0.4484
BTC,9-Jun-23,1.68621E+12,2023/6/8 9:00,26446.3,26454.92,0.3761,0.4848,0.4656,0.4191,0.387
BTC,16-Jun-23,1.6863E+12,2023/6/9 9:00,26649.7,26678.35,0.3655,0.4186,0.4588,0.3733,0.3943
BTC,16-Jun-23,1.68639E+12,2023/6/10 9:00,25682.73,25712.91,0.3988,0.4401,0.5336,0.3987,0.4436
BTC,16-Jun-23,1.68647E+12,2023/6/11 9:00,25753.16,25766.21,0.4206,0.4343,0.5773,0.4141,0.4681
BTC,16-Jun-23,1.68656E+12,2023/6/12 9:00,25942.85,25959.62,0.4416,0.4534,0.5988,0.4438,0.4913
BTC,16-Jun-23,1.68665E+12,2023/6/13 9:00,26177.98,26214.79,0.5041,0.5524,0.687,0.5078,0.5547
BTC,16-Jun-23,1.68673E+12,2023/6/14 9:00,25924.15,25954.79,0.4076,0.4743,0.5671,0.4159,0.4573
BTC,16-Jun-23,1.68682E+12,2023/6/15 9:00,24879.53,24908.25,0.4741,0.498,0.7812,0.4351,0.6193
BTC,23-Jun-23,1.68691E+12,2023/6/16 9:00,25523.71,25558.86,0.3493,0.395,0.4667,0.3541,0.3806
BTC,23-Jun-23,1.68699E+12,2023/6/17 9:00,26584.67,26640.62,0.3636,0.4477,0.4376,0.3899,0.3802
BTC,23-Jun-23,1.68708E+12,2023/6/18 9:00,26500.13,26552.58,0.3542,0.4239,0.4581,0.3741,0.3778
BTC,23-Jun-23,1.68717E+12,2023/6/19 9:00,26407.88,26442.58,0.3704,0.4335,0.4735,0.3892,0.3999
BTC,23-Jun-23,1.68725E+12,2023/6/20 9:00,26745.08,26779.23,0.4308,0.5465,0.5206,0.4501,0.4411
BTC,23-Jun-23,1.68734E+12,2023/6/21 9:00,28827.38,28875.21,0.4892,0.6335,0.5278,0.5347,0.4933
BTC,23-Jun-23,1.68742E+12,2023/6/22 9:00,30101.3,30112.02,0.5626,0.7426,0.6231,0.6073,0.5636
BTC,30-Jun-23,1.68751E+12,2023/6/23 9:00,30019.29,30090.19,0.4421,0.5468,0.4901,0.474,0.4495
BTC,30-Jun-23,1.6876E+12,2023/6/24 9:00,30618.84,30677.1,0.4316,0.5362,0.5414,0.4616,0.4703
BTC,30-Jun-23,1.68768E+12,2023/6/25 9:00,30746.57,30800.69,0.4559,0.5731,0.5396,0.5002,0.4741
BTC,30-Jun-23,1.68777E+12,2023/6/26 9:00,30405.27,30463.33,0.4741,0.6068,0.5585,0.5253,0.4883
BTC,30-Jun-23,1.68786E+12,2023/6/27 9:00,30388.26,30408.25,0.4795,0.5983,0.5098,0.5239,0.4684
BTC,30-Jun-23,1.68794E+12,2023/6/28 9:00,30276.52,30294.83,0.4332,0.5468,0.5043,0.4601,0.4411
BTC,30-Jun-23,1.68803E+12,2023/6/29 9:00,30385.58,30405.18,0.3979,0.4975,0.4699,0.4326,0.4097
BTC,7-Jul-23,1.68812E+12,2023/6/30 9:00,30850.02,30915.74,0.4321,0.5414,0.4438,0.4674,0.4257
BTC,7-Jul-23,1.6882E+12,2023/7/1 9:00,30435.7,30474.52,0.3786,0.4753,0.41,0.3997,0.3838
BTC,7-Jul-23,1.68829E+12,2023/7/2 9:00,30490.45,30547.35,0.3743,0.4515,0.3912,0.4007,0.3679
BTC,7-Jul-23,1.68837E+12,2023/7/3 9:00,30651.76,30708.64,0.3997,0.5236,0.4174,0.4519,0.3946
BTC,7-Jul-23,1.68846E+12,2023/7/4 9:00,30936.9,30961.55,0.3942,0.4975,0.4596,0.4364,0.4034
BTC,7-Jul-23,1.68855E+12,2023/7/5 9:00,30762.44,30779.98,0.4372,0.5037,0.4915,0.4614,0.4588
BTC,7-Jul-23,1.68863E+12,2023/7/6 9:00,31347.28,31382.71,0.4914,0.5928,0.6175,0.5243,0.5042
BTC,14-Jul-23,1.68872E+12,2023/7/7 9:00,30061.36,30114.42,0.4076,0.4926,0.4918,0.4295,0.4239
BTC,14-Jul-23,1.68881E+12,2023/7/8 9:00,30277.5,30332.43,0.3523,0.4257,0.4261,0.368,0.3632
BTC,14-Jul-23,1.68889E+12,2023/7/9 9:00,30310.5,30345.28,0.3498,0.4429,0.4007,0.3697,0.3502
BTC,14-Jul-23,1.68898E+12,2023/7/10 9:00,30096.04,30120.93,0.3773,0.4573,0.4738,0.3888,0.3981
BTC,14-Jul-23,1.68907E+12,2023/7/11 9:00,30500.75,30534.76,0.4011,0.5084,0.4828,0.4346,0.4131
BTC,14-Jul-23,1.68915E+12,2023/7/12 9:00,30736.46,30782.65,0.47,0.647,0.5013,0.5368,0.4506
BTC,14-Jul-23,1.68924E+12,2023/7/13 9:00,30412.6,30422.68,0.3173,0.4726,0.3613,0.3602,0.3176
BTC,21-Jul-23,1.68933E+12,2023/7/14 9:00,31251.72,31326.4,0.3855,0.4861,0.4169,0.4223,0.3818
BTC,21-Jul-23,1.68941E+12,2023/7/15 9:00,30332.77,30370.3,0.3362,0.4048,0.3867,0.3593,0.3376
BTC,21-Jul-23,1.6895E+12,2023/7/16 9:00,30310.32,30348.11,0.339,0.4025,0.3827,0.3588,0.3401
BTC,21-Jul-23,1.68958E+12,2023/7/17 9:00,30278.34,30302.38,0.3928,0.4872,0.437,0.4268,0.3936
BTC,21-Jul-23,1.68967E+12,2023/7/18 9:00,30029.9,30047.71,0.3412,0.4194,0.4306,0.3597,0.3626
BTC,21-Jul-23,1.68976E+12,2023/7/19 9:00,29927.76,29943.19,0.332,0.4318,0.4228,0.3485,0.3617
BTC,21-Jul-23,1.68984E+12,2023/7/20 9:00,30277.9,30301.85,0.3269,0.504,0.4002,0.3684,0.3434
BTC,28-Jul-23,1.68993E+12,2023/7/21 9:00,29798.89,29850.07,0.3259,0.4225,0.3837,0.3606,0.3319
BTC,28-Jul-23,1.69002E+12,2023/7/22 9:00,29943.47,29967.48,0.3204,0.4179,0.4002,0.3473,0.3277
BTC,28-Jul-23,1.6901E+12,2023/7/23 9:00,29949.75,29972.58,0.3138,0.4184,0.3975,0.3483,0.3325
BTC,28-Jul-23,1.69019E+12,2023/7/24 9:00,29756.44,29790.51,0.3272,0.4529,0.4169,0.3583,0.3392
BTC,28-Jul-23,1.69028E+12,2023/7/25 9:00,29181.91,29206.98,0.3207,0.4304,0.3976,0.3377,0.3363
BTC,28-Jul-23,1.69036E+12,2023/7/26 9:00,29216.01,29229.6,0.3748,0.4915,0.4792,0.3953,0.408
BTC,28-Jul-23,1.69045E+12,2023/7/27 9:00,29470.01,29483.42,0.2766,0.4065,0.3752,0.3063,0.311
BTC,4-Aug-23,1.69053E+12,2023/7/28 9:00,29149.03,29183.52,0.2977,0.3592,0.3539,0.3175,0.3062
BTC,4-Aug-23,1.69062E+12,2023/7/29 9:00,29289.77,29323.44,0.2556,0.3214,0.3094,0.2734,0.2637
BTC,4-Aug-23,1.69071E+12,2023/7/30 9:00,29299.21,29341.6,0.241,0.3092,0.2941,0.2553,0.2532
BTC,4-Aug-23,1.69079E+12,2023/7/31 9:00,29391.42,29423.93,0.2982,0.3653,0.3591,0.317,0.3077
BTC,4-Aug-23,1.69088E+12,2023/8/1 9:00,28982.99,28997.12,0.3043,0.3832,0.4146,0.3164,0.341
BTC,4-Aug-23,1.69097E+12,2023/8/2 9:00,29480.18,29518.02,0.3407,0.443,0.391,0.3749,0.3474
BTC,4-Aug-23,1.69105E+12,2023/8/3 9:00,29085.91,29110.95,0.2858,0.3911,0.3777,0.3034,0.3123
BTC,11-Aug-23,1.69114E+12,2023/8/4 9:00,29157.74,29209.9,0.2716,0.3643,0.317,0.299,0.2725
BTC,11-Aug-23,1.69123E+12,2023/8/5 9:00,29047.17,29097.42,0.2679,0.3769,0.3178,0.3062,0.2678
BTC,11-Aug-23,1.69131E+12,2023/8/6 9:00,29074.01,29138.02,0.2801,0.3647,0.3391,0.3037,0.2845
BTC,11-Aug-23,1.6914E+12,2023/8/7 9:00,29009.06,29082.2,0.2853,0.3914,0.3536,0.3155,0.2898
BTC,11-Aug-23,1.69149E+12,2023/8/8 9:00,29148.63,29200.09,0.2608,0.3677,0.3246,0.2937,0.2695
BTC,11-Aug-23,1.69157E+12,2023/8/9 9:00,29824.74,29870.46,0.3462,0.4797,0.3688,0.3895,0.3383
BTC,11-Aug-23,1.69166E+12,2023/8/10 9:00,29487.39,29511.41,0.3385,0.4412,0.3921,0.3929,0.344
BTC,18-Aug-23,1.69174E+12,2023/8/11 9:00,29375.56,29409.95,0.2677,0.3666,0.3282,0.295,0.2775
BTC,18-Aug-23,1.69183E+12,2023/8/12 9:00,29372.68,29422.13,0.2272,0.3231,0.2903,0.2505,0.235
BTC,18-Aug-23,1.69192E+12,2023/8/13 9:00,29390.08,29428.15,0.2341,0.3514,0.3123,0.2639,0.2491
BTC,18-Aug-23,1.692E+12,2023/8/14 9:00,29397.04,29432.65,0.2496,0.3267,0.3025,0.2699,0.254
BTC,18-Aug-23,1.69209E+12,2023/8/15 9:00,29386.41,29422.55,0.2735,0.4273,0.3135,0.3197,0.2658
BTC,18-Aug-23,1.69218E+12,2023/8/16 9:00,29148.12,29177.89,0.2354,0.3576,0.2801,0.2725,0.2383
BTC,18-Aug-23,1.69226E+12,2023/8/17 9:00,28523.05,28527.57,0.244,0.2895,0.3625,0.2465,0.273
BTC,25-Aug-23,1.69235E+12,2023/8/18 9:00,26577.46,26596.76,0.3981,0.496,0.5637,0.4064,0.4414
BTC,25-Aug-23,1.69244E+12,2023/8/19 9:00,25923.57,25921.21,0.36,0.4185,0.5671,0.3527,0.4178
BTC,25-Aug-23,1.69252E+12,2023/8/20 9:00,26105.21,26109.19,0.3653,0.4405,0.5535,0.3766,0.4216
BTC,25-Aug-23,1.69261E+12,2023/8/21 9:00,26046.29,26052.96,0.374,0.473,0.5645,0.3826,0.4371
BTC,25-Aug-23,1.69269E+12,2023/8/22 9:00,26057.53,26054.93,0.3514,0.4473,0.5556,0.3684,0.4008
BTC,25-Aug-23,1.69278E+12,2023/8/23 9:00,26024.96,26032.96,0.3063,0.3686,0.4482,0.3119,0.3492
BTC,25-Aug-23,1.69287E+12,2023/8/24 9:00,26490.28,26493.62,0.2903,0.4416,0.424,0.3238,0.3265
BTC,1-Sep-23,1.69295E+12,2023/8/25 9:00,26085.84,26122.55,0.3545,0.4446,0.4428,0.3784,0.3787
BTC,1-Sep-23,1.69304E+12,2023/8/26 9:00,26026.12,26044.51,0.2542,0.336,0.355,0.2728,0.2808
BTC,1-Sep-23,1.69313E+12,2023/8/27 9:00,26046.3,26060.66,0.2868,0.3734,0.4086,0.306,0.3186
BTC,1-Sep-23,1.69321E+12,2023/8/28 9:00,25953.04,25956.97,0.3191,0.3878,0.4566,0.3348,0.3607
BTC,1-Sep-23,1.6933E+12,2023/8/29 9:00,25946.58,25948.36,0.3266,0.3979,0.4856,0.3289,0.3744
BTC,1-Sep-23,1.69339E+12,2023/8/30 9:00,27470.86,27479.18,0.3877,0.5086,0.4266,0.4339,0.3855
BTC,1-Sep-23,1.69347E+12,2023/8/31 9:00,27235.07,27232.62,0.3509,0.4688,0.3782,0.3907,0.35
BTC,8-Sep-23,1.69356E+12,2023/9/1 9:00,25966.24,25982.67,0.2926,0.3403,0.3947,0.2966,0.3258
BTC,8-Sep-23,1.69365E+12,2023/9/2 9:00,25779.2,25780.26,0.2628,0.3316,0.3678,0.2781,0.2925
BTC,8-Sep-23,1.69373E+12,2023/9/3 9:00,25881.67,25881.68,0.3232,0.3382,0.4877,0.3067,0.3781
BTC,8-Sep-23,1.69382E+12,2023/9/4 9:00,25974.94,25984.81,0.3047,0.3396,0.4987,0.3053,0.3637
BTC,8-Sep-23,1.6939E+12,2023/9/5 9:00,25692.4,25698.05,0.3356,0.3403,0.5442,0.3118,0.4043
BTC,8-Sep-23,1.69399E+12,2023/9/6 9:00,25738.71,25739.16,0.314,0.3701,0.4739,0.3196,0.3659
BTC,8-Sep-23,1.69408E+12,2023/9/7 9:00,25733.13,25739.26,0.2608,0.3268,0.4703,0.2703,0.3272
BTC,15-Sep-23,1.69416E+12,2023/9/8 9:00,26190.27,26220.07,0.2925,0.3472,0.3957,0.3009,0.3126
BTC,15-Sep-23,1.69425E+12,2023/9/9 9:00,25868.84,25879.41,0.2633,0.3246,0.396,0.2744,0.3019
BTC,15-Sep-23,1.69434E+12,2023/9/10 9:00,25857.81,25858.43,0.3042,0.3479,0.4377,0.3005,0.3544
BTC,15-Sep-23,1.69442E+12,2023/9/11 9:00,25791.97,25802.86,0.3337,0.3786,0.5151,0.331,0.3869
BTC,15-Sep-23,1.69451E+12,2023/9/12 9:00,25763.19,25767.74,0.3466,0.4129,0.489,0.3538,0.3932
BTC,15-Sep-23,1.6946E+12,2023/9/13 9:00,25951.19,25954.94,0.3582,0.4457,0.5228,0.3682,0.401
BTC,15-Sep-23,1.69468E+12,2023/9/14 9:00,26307.41,26302.71,0.308,0.4369,0.4424,0.34,0.3263
BTC,22-Sep-23,1.69477E+12,2023/9/15 9:00,26640.17,26670.47,0.3142,0.3717,0.4304,0.3224,0.3469
BTC,22-Sep-23,1.69485E+12,2023/9/16 9:00,26518.21,26528.06,0.2846,0.3338,0.396,0.2915,0.3146
BTC,22-Sep-23,1.69494E+12,2023/9/17 9:00,26558.24,26562.31,0.3035,0.3492,0.4181,0.3202,0.3273
BTC,22-Sep-23,1.69503E+12,2023/9/18 9:00,26724.15,26734.28,0.3253,0.3791,0.4351,0.3346,0.3482
BTC,22-Sep-23,1.69511E+12,2023/9/19 9:00,27069.87,27069,0.3506,0.4025,0.4483,0.3634,0.3703
BTC,22-Sep-23,1.6952E+12,2023/9/20 9:00,27192.8,27191.52,0.391,0.4885,0.4434,0.4213,0.3954
BTC,22-Sep-23,1.69529E+12,2023/9/21 9:00,26923.69,26923.92,0.3288,0.408,0.3989,0.3384,0.3479
BTC,29-Sep-23,1.69537E+12,2023/9/22 9:00,26673.41,26688.02,0.2741,0.3331,0.4053,0.2823,0.2997
BTC,29-Sep-23,1.69546E+12,2023/9/23 9:00,26573.45,26567.48,0.253,0.3017,0.363,0.2627,0.2757
BTC,29-Sep-23,1.69555E+12,2023/9/24 9:00,26587.68,26587.23,0.2634,0.3214,0.3729,0.2718,0.2889
BTC,29-Sep-23,1.69563E+12,2023/9/25 9:00,26135.11,26136.52,0.317,0.3736,0.4597,0.3233,0.3466
BTC,29-Sep-23,1.69572E+12,2023/9/26 9:00,26266.48,26276.7,0.3087,0.3448,0.4574,0.3091,0.3528
BTC,29-Sep-23,1.69581E+12,2023/9/27 9:00,26242.88,26252.38,0.3008,0.3459,0.4781,0.3015,0.3438
BTC,29-Sep-23,1.69589E+12,2023/9/28 9:00,26387.15,26392.37,0.3348,0.3365,0.447,0.3294,0.3688
BTC,6-Oct-23,1.69598E+12,2023/9/29 9:00,27009.2,27028.1,0.2842,0.3569,0.3698,0.3055,0.2988
BTC,6-Oct-23,1.69606E+12,2023/9/30 9:00,26939.68,26943.74,0.251,0.2983,0.3202,0.261,0.2682
BTC,6-Oct-23,1.69615E+12,2023/10/1 9:00,27142.73,27161.21,0.3018,0.3514,0.3544,0.3166,0.3073
BTC,6-Oct-23,1.69624E+12,2023/10/2 9:00,28295.59,28314.47,0.3636,0.4403,0.4263,0.3816,0.3753
BTC,6-Oct-23,1.69632E+12,2023/10/3 9:00,27601.6,27621.42,0.3105,0.3457,0.3818,0.3164,0.3279
BTC,6-Oct-23,1.69641E+12,2023/10/4 9:00,27518,27511.87,0.303,0.3304,0.3902,0.2974,0.3338
BTC,6-Oct-23,1.6965E+12,2023/10/5 9:00,27653.53,27652.57,0.2859,0.3112,0.3431,0.2857,0.3059
BTC,13-Oct-23,1.69658E+12,2023/10/6 9:00,27629.2,27637.71,0.2669,0.3099,0.3332,0.2733,0.2846
BTC,13-Oct-23,1.69667E+12,2023/10/7 9:00,28020.24,28021.65,0.2854,0.3242,0.3538,0.2938,0.3043
BTC,13-Oct-23,1.69676E+12,2023/10/8 9:00,27932.14,27925.07,0.327,0.3878,0.4259,0.3401,0.3494
BTC,13-Oct-23,1.69684E+12,2023/10/9 9:00,27755.97,27758.06,0.337,0.3953,0.4351,0.3456,0.3579
BTC,13-Oct-23,1.69693E+12,2023/10/10 9:00,27678.89,27681.3,0.3351,0.3916,0.454,0.3491,0.3654
BTC,13-Oct-23,1.69701E+12,2023/10/11 9:00,27110.12,27101.37,0.3579,0.3828,0.4553,0.3513,0.3914
BTC,13-Oct-23,1.6971E+12,2023/10/12 9:00,26794.23,26804.75,0.3736,0.3604,0.4928,0.351,0.4201
BTC,20-Oct-23,1.69719E+12,2023/10/13 9:00,26790.56,26810.13,0.2971,0.3416,0.3967,0.2997,0.3259
BTC,20-Oct-23,1.69727E+12,2023/10/14 9:00,26871.52,26893.97,0.2819,0.3392,0.3494,0.2891,0.3033
BTC,20-Oct-23,1.69736E+12,2023/10/15 9:00,26906.79,26930.42,0.2904,0.3413,0.3824,0.2939,0.3192
BTC,20-Oct-23,1.69745E+12,2023/10/16 9:00,27821.13,27826.66,0.3445,0.4069,0.4124,0.3627,0.359
BTC,20-Oct-23,1.69753E+12,2023/10/17 9:00,28460.64,28474.22,0.4093,0.5274,0.4724,0.4464,0.4189
BTC,20-Oct-23,1.69762E+12,2023/10/18 9:00,28570.79,28570.19,0.3557,0.4574,0.378,0.3909,0.3479
BTC,20-Oct-23,1.69771E+12,2023/10/19 9:00,28335.38,28326.76,0.3274,0.4087,0.4258,0.3522,0.3351
BTC,27-Oct-23,1.69779E+12,2023/10/20 9:00,29755.65,29803.01,0.389,0.5451,0.4609,0.4373,0.3895
BTC,27-Oct-23,1.69788E+12,2023/10/21 9:00,29680.95,29717.44,0.3481,0.4494,0.3954,0.3852,0.3416
BTC,27-Oct-23,1.69797E+12,2023/10/22 9:00,29850.88,29883.37,0.4583,0.6492,0.4878,0.5214,0.4362
BTC,27-Oct-23,1.69805E+12,2023/10/23 9:00,30698.07,30729.95,0.5093,0.637,0.5737,0.5606,0.5
BTC,27-Oct-23,1.69814E+12,2023/10/24 9:00,34124.71,34182.31,0.6838,0.7706,0.8627,0.6948,0.7269
BTC,27-Oct-23,1.69822E+12,2023/10/25 9:00,33948.73,33979.68,0.5373,0.7302,0.6538,0.5914,0.5412
BTC,27-Oct-23,1.69831E+12,2023/10/26 9:00,34532.63,34563.39,0.5708,0.7942,0.6243,0.6234,0.5653
BTC,3-Nov-23,1.6984E+12,2023/10/27 9:00,34098.31,34135.1,0.4443,0.5639,0.5121,0.4791,0.4483
BTC,3-Nov-23,1.69848E+12,2023/10/28 9:00,34096.56,34157.6,0.4057,0.5226,0.4506,0.4439,0.3978
BTC,3-Nov-23,1.69857E+12,2023/10/29 9:00,34253.38,34328.68,0.4717,0.5947,0.5057,0.5114,0.4671
BTC,3-Nov-23,1.69866E+12,2023/10/30 9:00,34401.1,34443.36,0.554,0.6893,0.5576,0.6046,0.5368
BTC,3-Nov-23,1.69874E+12,2023/10/31 9:00,34412.83,34444.79,0.4953,0.6163,0.5122,0.5396,0.4757
BTC,3-Nov-23,1.69883E+12,2023/11/1 9:00,34450.26,34474.85,0.4789,0.6093,0.4977,0.5293,0.4613
BTC,3-Nov-23,1.69892E+12,2023/11/2 9:00,35334.57,35359.93,0.5567,0.7311,0.5745,0.6165,0.534
BTC,10-Nov-23,1.699E+12,2023/11/3 9:00,34438.59,34546.33,0.4489,0.5845,0.5097,0.4998,0.4411
BTC,10-Nov-23,1.69909E+12,2023/11/4 9:00,34873.23,34952.54,0.4405,0.5923,0.4733,0.4935,0.4297
BTC,10-Nov-23,1.69917E+12,2023/11/5 9:00,35058.08,35150.34,0.4836,0.6342,0.4975,0.5475,0.4594
BTC,10-Nov-23,1.69926E+12,2023/11/6 9:00,34978.79,35059.83,0.4842,0.6205,0.5119,0.5369,0.463
BTC,10-Nov-23,1.69935E+12,2023/11/7 9:00,34921.05,34962.75,0.4347,0.5626,0.4519,0.4855,0.4131
BTC,10-Nov-23,1.69943E+12,2023/11/8 9:00,35310.8,35322.04,0.5017,0.6402,0.5105,0.5536,0.4727
BTC,10-Nov-23,1.69952E+12,2023/11/9 9:00,36692.09,36706.98,0.5415,0.7581,0.5508,0.6132,0.5077
BTC,17-Nov-23,1.69961E+12,2023/11/10 9:00,36524.05,36637.37,0.5213,0.6763,0.529,0.5889,0.4902
BTC,17-Nov-23,1.69969E+12,2023/11/11 9:00,36995.55,37056.32,0.4944,0.6466,0.5147,0.5515,0.4736
BTC,17-Nov-23,1.69978E+12,2023/11/12 9:00,37113.67,37189.09,0.5096,0.6368,0.5481,0.5629,0.4915
BTC,17-Nov-23,1.69987E+12,2023/11/13 9:00,37043.33,37093.86,0.5233,0.6379,0.5651,0.5672,0.5121
BTC,17-Nov-23,1.69995E+12,2023/11/14 9:00,36747.14,36783.34,0.4921,0.6303,0.551,0.5382,0.4892
BTC,17-Nov-23,1.70004E+12,2023/11/15 9:00,35806.27,35850.21,0.4768,0.6123,0.5215,0.5284,0.4601
BTC,17-Nov-23,1.70013E+12,2023/11/16 9:00,37324.69,37339.62,0.5419,0.7157,0.5552,0.5942,0.5224
BTC,24-Nov-23,1.70021E+12,2023/11/17 9:00,36407.89,36455.25,0.5007,0.6539,0.5626,0.549,0.5039
BTC,24-Nov-23,1.7003E+12,2023/11/18 9:00,36459.48,36512.16,0.4298,0.5463,0.4934,0.4665,0.4318
BTC,24-Nov-23,1.70038E+12,2023/11/19 9:00,36646.16,36665.29,0.4238,0.5459,0.4938,0.4587,0.4283
BTC,24-Nov-23,1.70047E+12,2023/11/20 9:00,37136.85,37174.75,0.4593,0.6011,0.5027,0.5048,0.455
BTC,24-Nov-23,1.70056E+12,2023/11/21 9:00,37419.6,37422.41,0.4636,0.6083,0.5069,0.5146,0.4508
BTC,24-Nov-23,1.70064E+12,2023/11/22 9:00,36565.18,36574.54,0.4352,0.5378,0.531,0.4606,0.4503
BTC,24-Nov-23,1.70073E+12,2023/11/23 9:00,37509.43,37528.19,0.4661,0.6204,0.5011,0.5157,0.452
BTC,1-Dec-23,1.70082E+12,2023/11/24 9:00,37454.67,37527.37,0.4359,0.5569,0.4515,0.4843,0.415
BTC,1-Dec-23,1.7009E+12,2023/11/25 9:00,37791.3,37854.48,0.4322,0.5365,0.4363,0.4743,0.41
BTC,1-Dec-23,1.70099E+12,2023/11/26 9:00,37791.79,37863.09,0.445,0.5479,0.4462,0.4858,0.4274
BTC,1-Dec-23,1.70108E+12,2023/11/27 9:00,37344.13,37408.71,0.4631,0.5961,0.4845,0.5119,0.4487
BTC,1-Dec-23,1.70116E+12,2023/11/28 9:00,36942.84,36964.13,0.4021,0.5329,0.4375,0.4428,0.3967
BTC,1-Dec-23,1.70125E+12,2023/11/29 9:00,38361.38,38404.69,0.4852,0.6079,0.478,0.5305,0.461
BTC,1-Dec-23,1.70133E+12,2023/11/30 9:00,37669.33,37688.9,0.4218,0.5467,0.4525,0.4601,0.4108
BTC,8-Dec-23,1.70142E+12,2023/12/1 9:00,38333.25,38433.18,0.4306,0.5296,0.4379,0.4672,0.4163
BTC,8-Dec-23,1.70151E+12,2023/12/2 9:00,38734.94,38809.47,0.4015,0.4756,0.4024,0.428,0.392
BTC,8-Dec-23,1.70159E+12,2023/12/3 9:00,39418.57,39505.35,0.4426,0.5681,0.4581,0.4818,0.4347
BTC,8-Dec-23,1.70168E+12,2023/12/4 9:00,41700.54,41792.4,0.5059,0.5949,0.5239,0.5399,0.4984
BTC,8-Dec-23,1.70177E+12,2023/12/5 9:00,41617.02,41678.03,0.4655,0.5348,0.5443,0.4813,0.481
BTC,8-Dec-23,1.70185E+12,2023/12/6 9:00,43825.65,43841.47,0.5092,0.6229,0.6238,0.5339,0.5236
BTC,8-Dec-23,1.70194E+12,2023/12/7 9:00,43596.2,43595.77,0.4159,0.4713,0.4936,0.424,0.4404
BTC,15-Dec-23,1.70203E+12,2023/12/8 9:00,43218.58,43306.02,0.4385,0.5541,0.5122,0.463,0.4541
BTC,15-Dec-23,1.70211E+12,2023/12/9 9:00,43858.83,43939.27,0.4301,0.5471,0.4926,0.4584,0.4406
BTC,15-Dec-23,1.7022E+12,2023/12/10 9:00,43781.15,43849.68,0.4554,0.5584,0.5378,0.4785,0.4727
BTC,15-Dec-23,1.70229E+12,2023/12/11 9:00,42227.42,42286.83,0.5324,0.5896,0.6662,0.5365,0.5707
BTC,15-Dec-23,1.70237E+12,2023/12/12 9:00,42025.29,42069.18,0.4621,0.5097,0.579,0.4648,0.4966
BTC,15-Dec-23,1.70246E+12,2023/12/13 9:00,41237.47,41271.39,0.4979,0.5369,0.6366,0.4981,0.5391
BTC,15-Dec-23,1.70254E+12,2023/12/14 9:00,42782.55,42800.84,0.4025,0.4693,0.5093,0.4127,0.4268
BTC,22-Dec-23,1.70263E+12,2023/12/15 9:00,42885.35,42991.94,0.4183,0.4714,0.4881,0.4293,0.4357
BTC,22-Dec-23,1.70272E+12,2023/12/16 9:00,42153.42,42258.86,0.3614,0.4167,0.432,0.3736,0.376
BTC,22-Dec-23,1.7028E+12,2023/12/17 9:00,41851.43,41947.04,0.4087,0.4756,0.4952,0.4215,0.4296
BTC,22-Dec-23,1.70289E+12,2023/12/18 9:00,41153.95,41193.75,0.4669,0.4972,0.552,0.4691,0.4911
BTC,22-Dec-23,1.70298E+12,2023/12/19 9:00,43078.34,43112.69,0.4453,0.537,0.4812,0.474,0.4467
BTC,22-Dec-23,1.70306E+12,2023/12/20 9:00,42775.06,42800.22,0.407,0.503,0.4522,0.4329,0.4104
BTC,22-Dec-23,1.70315E+12,2023/12/21 9:00,43682.33,43717.29,0.4455,0.5452,0.5074,0.4701,0.4494
BTC,29-Dec-23,1.70324E+12,2023/12/22 9:00,43620.07,43773.95,0.45,0.5653,0.4818,0.488,0.4457
BTC,29-Dec-23,1.70332E+12,2023/12/23 9:00,43648.14,43758.73,0.3974,0.5084,0.4441,0.4292,0.3995
BTC,29-Dec-23,1.70341E+12,2023/12/24 9:00,43651.49,43774.75,0.4249,0.4999,0.4623,0.451,0.4244
BTC,29-Dec-23,1.70349E+12,2023/12/25 9:00,43130.97,43251.88,0.3935,0.4962,0.4723,0.4194,0.4062
BTC,29-Dec-23,1.70358E+12,2023/12/26 9:00,42703.68,42846.31,0.4248,0.5401,0.4819,0.4545,0.4329
BTC,29-Dec-23,1.70367E+12,2023/12/27 9:00,42720.65,42794.33,0.4537,0.5481,0.5222,0.4768,0.4646
BTC,29-Dec-23,1.70375E+12,2023/12/28 9:00,42944.94,43036.18,0.4663,0.5584,0.5906,0.4868,0.4941
BTC,5-Jan-24,1.70384E+12,2023/12/29 9:00,42497.58,42668.08,0.4647,0.5201,0.5428,0.475,0.4858
BTC,5-Jan-24,1.70393E+12,2023/12/30 9:00,41584.58,41801.48,0.4768,0.5354,0.5333,0.4902,0.4912
BTC,5-Jan-24,1.70401E+12,2023/12/31 9:00,42454.52,42707.14,0.5135,0.5887,0.5347,0.5396,0.5099
BTC,5-Jan-24,1.7041E+12,2024/1/1 9:00,42544.55,42735.04,0.5312,0.6031,0.5676,0.5574,0.5304
BTC,5-Jan-24,1.70419E+12,2024/1/2 9:00,45809.09,46018.64,0.6325,0.7764,0.6666,0.6738,0.6304
BTC,5-Jan-24,1.70427E+12,2024/1/3 9:00,45217.08,45291.6,0.522,0.6277,0.5561,0.5511,0.5248
BTC,5-Jan-24,1.70436E+12,2024/1/4 9:00,42882.47,42907.03,0.6131,0.6797,0.7364,0.624,0.6438
BTC,12-Jan-24,1.70445E+12,2024/1/5 9:00,43950.87,44115.18,0.7976,0.9263,0.8788,0.8318,0.8107
BTC,12-Jan-24,1.70453E+12,2024/1/6 9:00,43734.03,43825.12,0.7953,0.9378,0.8937,0.8337,0.8103
BTC,12-Jan-24,1.70462E+12,2024/1/7 9:00,44043.8,44120.31,0.8832,1.0403,1.0639,0.921,0.9211
BTC,12-Jan-24,1.7047E+12,2024/1/8 9:00,43889.68,43942.73,0.992,1.0796,1.2879,0.9918,1.0748
BTC,12-Jan-24,1.70479E+12,2024/1/9 9:00,46571.42,46666.6,0.8454,1.0025,1.0603,0.8752,0.8925
BTC,12-Jan-24,1.70488E+12,2024/1/10 9:00,45351.93,45410.95,0.9513,1.0497,1.4329,0.9557,1.0527
BTC,12-Jan-24,1.70496E+12,2024/1/11 9:00,46284.9,46312.6,0.651,0.8066,0.7684,0.6849,0.67
BTC,19-Jan-24,1.70505E+12,2024/1/12 9:00,45875.08,45949.66,0.5358,0.5636,0.7386,0.5257,0.5965
BTC,19-Jan-24,1.70514E+12,2024/1/13 9:00,43171.28,43249.11,0.5042,0.5869,0.6385,0.5086,0.5452
BTC,19-Jan-24,1.70522E+12,2024/1/14 9:00,42982.02,43040.96,0.5127,0.5527,0.6507,0.5082,0.5551
BTC,19-Jan-24,1.70531E+12,2024/1/15 9:00,42642.81,42707.41,0.5753,0.6003,0.737,0.5599,0.6296
BTC,19-Jan-24,1.7054E+12,2024/1/16 9:00,42967.9,43048.61,0.5538,0.5918,0.6687,0.5553,0.5868
BTC,19-Jan-24,1.70548E+12,2024/1/17 9:00,42696.61,42728.8,0.4705,0.4868,0.6024,0.4627,0.5169
BTC,19-Jan-24,1.70557E+12,2024/1/18 9:00,42697.07,42742.58,0.4049,0.413,0.5294,0.3927,0.4481
BTC,26-Jan-24,1.70565E+12,2024/1/19 9:00,41236.74,41307.97,0.4276,0.4481,0.5342,0.4152,0.4675
BTC,26-Jan-24,1.70574E+12,2024/1/20 9:00,41562.86,41649.86,0.4204,0.4638,0.5423,0.4173,0.4593
BTC,26-Jan-24,1.70583E+12,2024/1/21 9:00,41641.11,41716.28,0.455,0.4701,0.5399,0.4487,0.4828
BTC,26-Jan-24,1.70591E+12,2024/1/22 9:00,40914.98,40966.46,0.4791,0.534,0.5842,0.4845,0.5125
BTC,26-Jan-24,1.706E+12,2024/1/23 9:00,39420.78,39449.55,0.5214,0.5302,0.6451,0.5079,0.5629
BTC,26-Jan-24,1.70609E+12,2024/1/24 9:00,39925.3,39952.59,0.4672,0.5125,0.6123,0.4708,0.5017
BTC,26-Jan-24,1.70617E+12,2024/1/25 9:00,40052.79,40073.87,0.4255,0.4762,0.5677,0.4328,0.4544
BTC,2-Feb-24,1.70626E+12,2024/1/26 9:00,40111.36,40204.33,0.3838,0.4264,0.457,0.388,0.406
BTC,2-Feb-24,1.70635E+12,2024/1/27 9:00,41468.08,41519.36,0.369,0.4493,0.3934,0.3908,0.3709
BTC,2-Feb-24,1.70643E+12,2024/1/28 9:00,42493.33,42542.36,0.4302,0.5014,0.4573,0.4576,0.4285
BTC,2-Feb-24,1.70652E+12,2024/1/29 9:00,42111.7,42155.65,0.4216,0.4695,0.4762,0.4362,0.4352
BTC,2-Feb-24,1.70661E+12,2024/1/30 9:00,43420.64,43471.91,0.4424,0.5267,0.4824,0.4696,0.4453
BTC,2-Feb-24,1.70669E+12,2024/1/31 9:00,42959.13,43005.03,0.4687,0.5776,0.5066,0.4991,0.4701
BTC,2-Feb-24,1.70678E+12,2024/2/1 9:00,42196.92,42207.18,0.4237,0.4706,0.4658,0.4352,0.434
BTC,9-Feb-24,1.70686E+12,2024/2/2 9:00,42987.08,43064.5,0.3702,0.4137,0.411,0.38,0.3802
BTC,9-Feb-24,1.70695E+12,2024/2/3 9:00,43004.96,43065.67,0.3355,0.3758,0.3565,0.3483,0.3379
BTC,9-Feb-24,1.70704E+12,2024/2/4 9:00,42785.48,42812.69,0.3515,0.3927,0.3845,0.3619,0.3578
BTC,9-Feb-24,1.70712E+12,2024/2/5 9:00,42993.45,43048.96,0.382,0.4172,0.4421,0.3868,0.3996
BTC,9-Feb-24,1.70721E+12,2024/2/6 9:00,43020.74,43054.08,0.3579,0.4197,0.4083,0.3733,0.3692
BTC,9-Feb-24,1.7073E+12,2024/2/7 9:00,42913.91,42927.19,0.3214,0.3875,0.3633,0.3322,0.3344
BTC,9-Feb-24,1.70738E+12,2024/2/8 9:00,44711.9,44750.68,0.403,0.5166,0.4326,0.443,0.404
BTC,16-Feb-24,1.70747E+12,2024/2/9 9:00,46651.2,46732.93,0.41,0.4925,0.4509,0.4426,0.4146
BTC,16-Feb-24,1.70756E+12,2024/2/10 9:00,47127.94,47164.42,0.3752,0.4534,0.3953,0.4014,0.3734
BTC,16-Feb-24,1.70764E+12,2024/2/11 9:00,48157.23,48278.75,0.4496,0.5674,0.4594,0.4963,0.4348
BTC,16-Feb-24,1.70773E+12,2024/2/12 9:00,48120.59,48172.54,0.476,0.5735,0.4957,0.5087,0.4696
BTC,16-Feb-24,1.70781E+12,2024/2/13 9:00,50131.95,50207.69,0.5226,0.6332,0.5437,0.5666,0.5066
BTC,16-Feb-24,1.7079E+12,2024/2/14 9:00,50785.37,50821.6,0.4772,0.5743,0.4821,0.5094,0.4661
BTC,16-Feb-24,1.70799E+12,2024/2/15 9:00,51995.22,51982.17,0.5163,0.6636,0.5322,0.5593,0.5054
BTC,23-Feb-24,1.70807E+12,2024/2/16 9:00,51863.59,51990.02,0.4946,0.5833,0.5312,0.5216,0.498
BTC,23-Feb-24,1.70816E+12,2024/2/17 9:00,51757.54,51904.43,0.4702,0.5351,0.4943,0.4889,0.4727
BTC,23-Feb-24,1.70825E+12,2024/2/18 9:00,51800.89,51907.58,0.4959,0.5819,0.5235,0.5202,0.4979
BTC,23-Feb-24,1.70833E+12,2024/2/19 9:00,52119.67,52227.75,0.5233,0.6243,0.5568,0.5575,0.5202
BTC,23-Feb-24,1.70842E+12,2024/2/20 9:00,51774.6,51810.38,0.5176,0.5921,0.5428,0.5429,0.5158
BTC,23-Feb-24,1.70851E+12,2024/2/21 9:00,51669.99,51681.65,0.5147,0.5679,0.5802,0.5246,0.5319
BTC,23-Feb-24,1.70859E+12,2024/2/22 9:00,51880.82,51919.51,0.5406,0.6287,0.6189,0.5599,0.5564
BTC,1-Mar-24,1.70868E+12,2024/2/23 9:00,50950.61,51030,0.483,0.5178,0.5348,0.491,0.4967
BTC,1-Mar-24,1.70877E+12,2024/2/24 9:00,50978.25,51094.82,0.4556,0.4842,0.4966,0.4584,0.4683
BTC,1-Mar-24,1.70885E+12,2024/2/25 9:00,51605.05,51720.64,0.4891,0.5514,0.502,0.5071,0.4886
BTC,1-Mar-24,1.70894E+12,2024/2/26 9:00,51266.94,51292.11,0.5093,0.5547,0.5745,0.5156,0.5289
BTC,1-Mar-24,1.70902E+12,2024/2/27 9:00,56253.32,56349.1,0.595,0.6821,0.6614,0.6208,0.6082
BTC,1-Mar-24,1.70911E+12,2024/2/28 9:00,59501.45,59594.31,0.7742,0.8572,0.7554,0.8175,0.7495
BTC,1-Mar-24,1.7092E+12,2024/2/29 9:00,62795.1,62823.61,0.9263,1.0808,0.9133,0.9868,0.8988
BTC,8-Mar-24,1.70928E+12,2024/3/1 9:00,61959.75,62257.4,0.6183,0.7198,0.6327,0.6525,0.6103
BTC,8-Mar-24,1.70937E+12,2024/3/2 9:00,62015.14,62224,0.5849,0.688,0.5927,0.6211,0.5764
BTC,8-Mar-24,1.70946E+12,2024/3/3 9:00,61641.52,61866.25,0.6642,0.8023,0.6896,0.7117,0.6528
BTC,8-Mar-24,1.70954E+12,2024/3/4 9:00,65269.21,65666.63,0.8775,1.0425,0.8666,0.9462,0.8468
BTC,8-Mar-24,1.70963E+12,2024/3/5 9:00,66896.13,67132.68,0.8679,1.0419,0.879,0.9352,0.8458
BTC,8-Mar-24,1.70972E+12,2024/3/6 9:00,66928.66,67133.87,0.983,1.1523,0.9835,1.0499,0.9538
BTC,8-Mar-24,1.7098E+12,2024/3/7 9:00,66699.14,66763.78,0.7581,0.8812,0.7954,0.7905,0.7609
BTC,15-Mar-24,1.70989E+12,2024/3/8 9:00,67349.18,67653.72,0.6656,0.7676,0.6802,0.7062,0.6539
BTC,15-Mar-24,1.70997E+12,2024/3/9 9:00,68459.2,68698.27,0.6968,0.8053,0.7155,0.7354,0.6912
BTC,15-Mar-24,1.71006E+12,2024/3/10 9:00,69762.78,70108.64,0.7883,0.9311,0.7893,0.8392,0.7745
BTC,15-Mar-24,1.71015E+12,2024/3/11 9:00,71202.76,71684.53,0.9387,1.0966,0.9396,0.9965,0.9205
BTC,15-Mar-24,1.71023E+12,2024/3/12 9:00,71710.03,71858.47,0.7918,0.8958,0.8362,0.8311,0.7914
BTC,15-Mar-24,1.71032E+12,2024/3/13 9:00,73486.76,73648.25,0.7898,0.9048,0.8412,0.8308,0.7878
BTC,15-Mar-24,1.71041E+12,2024/3/14 9:00,73384.08,73480.81,0.611,0.7589,0.68,0.6496,0.6117
BTC,22-Mar-24,1.71049E+12,2024/3/15 9:00,67016.82,67270.46,0.7516,0.7682,0.9452,0.7326,0.8164
BTC,22-Mar-24,1.71058E+12,2024/3/16 9:00,69010.62,69347.03,0.7087,0.8111,0.8006,0.7402,0.7251
BTC,22-Mar-24,1.71067E+12,2024/3/17 9:00,66422.87,66796.87,0.7874,0.8465,0.9355,0.7954,0.828
BTC,22-Mar-24,1.71075E+12,2024/3/18 9:00,68003.74,68233.11,0.7563,0.8165,0.8716,0.7667,0.7883
BTC,22-Mar-24,1.71084E+12,2024/3/19 9:00,63399.43,63536.38,0.7509,0.7731,0.9302,0.7403,0.8079
BTC,22-Mar-24,1.71093E+12,2024/3/20 9:00,62673.16,62695.66,0.8388,0.8478,1.0514,0.8201,0.9131
BTC,22-Mar-24,1.71101E+12,2024/3/21 9:00,67295.85,67321.57,0.7656,0.8162,0.9067,0.7676,0.8115
BTC,29-Mar-24,1.7111E+12,2024/3/22 9:00,65859.02,65986.58,0.6715,0.698,0.7489,0.6706,0.6965
BTC,29-Mar-24,1.71118E+12,2024/3/23 9:00,64530.77,64634.39,0.6722,0.6971,0.7731,0.6719,0.7042
BTC,29-Mar-24,1.71127E+12,2024/3/24 9:00,65254.01,65384.79,0.6675,0.6825,0.7661,0.6613,0.699
BTC,29-Mar-24,1.71136E+12,2024/3/25 9:00,66939.09,67028.03,0.6888,0.7381,0.7729,0.698,0.7108
BTC,29-Mar-24,1.71144E+12,2024/3/26 9:00,70720.57,70791.76,0.6756,0.76,0.7529,0.7019,0.6837
BTC,29-Mar-24,1.71153E+12,2024/3/27 9:00,69557.69,69560.61,0.6238,0.6823,0.6868,0.6385,0.6353
BTC,29-Mar-24,1.71162E+12,2024/3/28 9:00,70556.28,70590.82,0.6241,0.6596,0.7922,0.621,0.6677
BTC,5-Apr-24,1.7117E+12,2024/3/29 9:00,69951.87,70199.81,0.6128,0.6329,0.6809,0.6107,0.6353
BTC,5-Apr-24,1.71179E+12,2024/3/30 9:00,69997.31,70332.27,0.5536,0.5936,0.601,0.562,0.5661
BTC,5-Apr-24,1.71188E+12,2024/3/31 9:00,70285.43,70717.43,0.6281,0.7194,0.6488,0.6587,0.6259
BTC,5-Apr-24,1.71196E+12,2024/4/1 9:00,69435.23,69667.38,0.6805,0.7404,0.7238,0.6974,0.6896
BTC,5-Apr-24,1.71205E+12,2024/4/2 9:00,66277.6,66385.58,0.6801,0.706,0.7685,0.6796,0.71
BTC,5-Apr-24,1.71213E+12,2024/4/3 9:00,66548.94,66592.69,0.6708,0.6802,0.7558,0.6672,0.6941
BTC,5-Apr-24,1.71222E+12,2024/4/4 9:00,66215.96,66246.37,0.5461,0.5833,0.6382,0.5502,0.5699
BTC,12-Apr-24,1.71231E+12,2024/4/5 9:00,67149.98,67308.01,0.6283,0.6645,0.7278,0.6281,0.6607
BTC,12-Apr-24,1.71239E+12,2024/4/6 9:00,68047.75,68177.68,0.6091,0.6478,0.6684,0.6166,0.6258
BTC,12-Apr-24,1.71248E+12,2024/4/7 9:00,69486.55,69648.08,0.6463,0.7269,0.7011,0.6678,0.6571
BTC,12-Apr-24,1.71257E+12,2024/4/8 9:00,71975.59,72252.65,0.7743,0.8797,0.8074,0.8152,0.771
BTC,12-Apr-24,1.71265E+12,2024/4/9 9:00,70549.96,70571.17,0.6642,0.7395,0.7264,0.691,0.6695
BTC,12-Apr-24,1.71274E+12,2024/4/10 9:00,69014.01,69051.95,0.6697,0.7105,0.7623,0.6747,0.6966
BTC,12-Apr-24,1.71283E+12,2024/4/11 9:00,71044.54,71072.52,0.5826,0.6493,0.6752,0.5969,0.6021
BTC,19-Apr-24,1.71291E+12,2024/4/12 9:00,70779.21,71061.89,0.5895,0.6264,0.6674,0.5952,0.6119
BTC,19-Apr-24,1.713E+12,2024/4/13 9:00,67209.2,67245.58,0.6289,0.6717,0.7338,0.6332,0.6596
BTC,19-Apr-24,1.71309E+12,2024/4/14 9:00,64580.23,64575.4,0.7945,0.8435,0.9858,0.7907,0.8525
BTC,19-Apr-24,1.71317E+12,2024/4/15 9:00,66343.67,66351.38,0.7487,0.7982,0.869,0.7547,0.7843
BTC,19-Apr-24,1.71326E+12,2024/4/16 9:00,63314.64,63324.94,0.782,0.7679,1.0511,0.7531,0.8666
BTC,19-Apr-24,1.71334E+12,2024/4/17 9:00,63354.99,63369.46,0.6331,0.6252,0.8806,0.6088,0.7158
BTC,19-Apr-24,1.71343E+12,2024/4/18 9:00,61360.54,61322.91,0.7166,0.7003,1.0238,0.6854,0.8141
BTC,26-Apr-24,1.71352E+12,2024/4/19 9:00,64667.72,64668.57,0.7246,0.7751,0.8897,0.7269,0.774
BTC,26-Apr-24,1.7136E+12,2024/4/20 9:00,63757.58,63717.72,0.6567,0.7108,0.7768,0.6621,0.6916
BTC,26-Apr-24,1.71369E+12,2024/4/21 9:00,64970.87,64986.46,0.6959,0.7869,0.7805,0.7191,0.7152
BTC,26-Apr-24,1.71378E+12,2024/4/22 9:00,65989.79,66077.12,0.7176,0.7831,0.8007,0.7302,0.7395
BTC,26-Apr-24,1.71386E+12,2024/4/23 9:00,66232.99,66229.02,0.6454,0.6936,0.7458,0.6553,0.6712
BTC,26-Apr-24,1.71395E+12,2024/4/24 9:00,66534.78,66551.48,0.6106,0.6425,0.6866,0.6141,0.6327
BTC,26-Apr-24,1.71404E+12,2024/4/25 9:00,63927.69,63901.62,0.5279,0.5701,0.7088,0.5267,0.5829
BTC,3-May-24,1.71412E+12,2024/4/26 9:00,64396.42,64479.56,0.4863,0.5083,0.5899,0.4844,0.518
BTC,3-May-24,1.71421E+12,2024/4/27 9:00,62983.77,63033.07,0.4751,0.507,0.5945,0.4741,0.5104
BTC,3-May-24,1.71429E+12,2024/4/28 9:00,63674.27,63737.94,0.5092,0.6099,0.5794,0.5396,0.5211
BTC,3-May-24,1.71438E+12,2024/4/29 9:00,62405.31,62422.3,0.5405,0.6326,0.6716,0.5575,0.5711
BTC,3-May-24,1.71447E+12,2024/4/30 9:00,61902.84,61906.35,0.5293,0.6123,0.7071,0.5334,0.5776
BTC,3-May-24,1.71455E+12,2024/5/1 9:00,57039.47,57059.39,0.7879,0.814,1.0775,0.7731,0.8795
BTC,3-May-24,1.71464E+12,2024/5/2 9:00,57802.72,57801.01,0.5391,0.5456,0.7833,0.5234,0.6152
BTC,10-May-24,1.71473E+12,2024/5/3 9:00,59231.71,59317.46,0.5056,0.5351,0.6232,0.5054,0.5408
BTC,10-May-24,1.71481E+12,2024/5/4 9:00,63179.44,63321.92,0.51,0.5881,0.5645,0.5356,0.5171
BTC,10-May-24,1.7149E+12,2024/5/5 9:00,63684.37,63792.46,0.5272,0.599,0.5799,0.5511,0.5345
BTC,10-May-24,1.71499E+12,2024/5/6 9:00,65155.2,65271.7,0.5674,0.6329,0.6011,0.5887,0.571
BTC,10-May-24,1.71507E+12,2024/5/7 9:00,64234.61,64301.42,0.4842,0.5495,0.5331,0.5055,0.4912
BTC,10-May-24,1.71516E+12,2024/5/8 9:00,62371.58,62403.79,0.4652,0.4954,0.5803,0.4647,0.5002
BTC,10-May-24,1.71525E+12,2024/5/9 9:00,61285.02,61295.85,0.4711,0.4852,0.6341,0.4621,0.5232
